(leave this row),,,,,,,,,,,,,,,,,,,,,,,,,,,,,,,
decoder,,,,,,,,,,,,,,,,,,,,,,,,,,,,,,,
BIT FIELD,SIZE,VALUES,,,,,,,,,,,,,,,,,,,,,,,,,,,,,
isize,2,1,2,3,4,,,,,,,,,,,,,,,,,,,,,,,,,,
iaddr,3,NXT,BRX,JMP,RTS,RTI,IND,BRK,RSVD,,,,,,,,,,,,,,,,,,,,,,
bfsel,2,C,Z,V,N,,,,,,,,,,,,,,,,,,,,,,,,,,
sdelta,3,0,P1,P2,P3,RSVD,N3,N2,N1,,,,,,,,,,,,,,,,,,,,,,
dop,2,NOP,R,W,RMW,,,,,,,,,,,,,,,,,,,,,,,,,,
daddr,4,IMM,PULL,PUSH1,PUSH2,PUSH3,PUSH4,ZP,ZP_X,ZP_Y,ABS,ABS_X,ABS_Y,IIX,IIY,RSVD1,RSVD2,,,,,,,,,,,,,,
dsize,2,1,2,3,4,,,,,,,,,,,,,,,,,,,,,,,,,,
wdata,3,RMW,A,X,Y,P,JSR,BRK,RSVD,,,,,,,,,,,,,,,,,,,,,,
sreg,2,A,X,Y,RSVD,,,,,,,,,,,,,,,,,,,,,,,,,,
incdec,1,INC,DEC,,,,,,,,,,,,,,,,,,,,,,,,,,,,
addsub,1,ADD,SUB,,,,,,,,,,,,,,,,,,,,,,,,,,,,
logic,2,AND,OR,EOR,RSVD,,,,,,,,,,,,,,,,,,,,,,,,,,
shift,2,ASL,LSR,ROL,ROR,,,,,,,,,,,,,,,,,,,,,,,,,,
rmw,1,ID,SHF,,,,,,,,,,,,,,,,,,,,,,,,,,,,
reg_a,3,NOP,IMM,MEM,ADD,LOG,SHF,TXA,TYA,,,,,,,,,,,,,,,,,,,,,,
reg_x,3,NOP,IMM,MEM,INX,DEX,TAX,TSX,RSVD,,,,,,,,,,,,,,,,,,,,,,
reg_y,3,NOP,IMM,MEM,INY,DEY,TAY,RSVD1,RSVD2,,,,,,,,,,,,,,,,,,,,,,
flag_c,3,NOP,CLR,SET,ADD,SHF,RSVD1,RSVD2,RSVD3,,,,,,,,,,,,,,,,,,,,,,
flag_zn,3,NOP,ADD,RMW,A,X,Y,BIT,RSVD,,,,,,,,,,,,,,,,,,,,,,
flag_i,2,NOP,CLR,SET,BRK,,,,,,,,,,,,,,,,,,,,,,,,,,
flag_d,2,NOP,CLR,SET,BRK,,,,,,,,,,,,,,,,,,,,,,,,,,
flag_v,2,NOP,CLR,ADD,BIT,,,,,,,,,,,,,,,,,,,,,,,,,,
,,,,,,,,,,,,,,,,,,,,,,,,,,,,,,,
BIT FIELD/SIZE =>,,valid,fast,isize,iaddr,branch,bfsel,bfval,sdelta,dop,daddr,zpx,dsize,wdata,sreg,cmp,incdec,addsub,logic,shift,rmw,reg_s,reg_p,reg_a,reg_x,reg_y,flag_c,flag_zn,flag_i,flag_d,flag_v
NMEMONIC,OPCODE,1,1,2,3,1,2,1,3,2,4,1,2,3,2,1,1,1,2,2,1,1,1,3,3,3,3,3,2,2,2
ADC_abs,109,x,x,3,.,.,.,.,.,R,ABS,.,1,.,A,.,.,ADD,.,.,.,.,.,ADD,.,.,ADD,ADD,.,.,ADD
ADC_abs_X,125,x,x,3,.,.,.,.,.,R,ABS_X,.,1,.,A,.,.,ADD,.,.,.,.,.,ADD,.,.,ADD,ADD,.,.,ADD
ADC_abs_Y,121,x,x,3,.,.,.,.,.,R,ABS_Y,.,1,.,A,.,.,ADD,.,.,.,.,.,ADD,.,.,ADD,ADD,.,.,ADD
ADC_idx_ind,97,x,x,2,.,.,.,.,.,R,IIX,x,1,.,A,.,.,ADD,.,.,.,.,.,ADD,.,.,ADD,ADD,.,.,ADD
ADC_imm,105,x,x,2,.,.,.,.,.,.,.,.,1,.,A,.,.,ADD,.,.,.,.,.,ADD,.,.,ADD,ADD,.,.,ADD
ADC_ind_idx,113,x,x,2,.,.,.,.,.,R,IIY,.,1,.,A,.,.,ADD,.,.,.,.,.,ADD,.,.,ADD,ADD,.,.,ADD
ADC_zp,101,x,x,2,.,.,.,.,.,R,ZP,.,1,.,A,.,.,ADD,.,.,.,.,.,ADD,.,.,ADD,ADD,.,.,ADD
ADC_zp_X,117,x,x,2,.,.,.,.,.,R,ZP_X,.,1,.,A,.,.,ADD,.,.,.,.,.,ADD,.,.,ADD,ADD,.,.,ADD
AND_abs,45,x,x,3,.,.,.,.,.,R,ABS,.,1,.,.,.,.,.,AND,.,.,.,.,LOG,.,.,.,A,.,.,.
AND_abs_X,61,x,x,3,.,.,.,.,.,R,ABS_X,.,1,.,.,.,.,.,AND,.,.,.,.,LOG,.,.,.,A,.,.,.
AND_abs_Y,57,x,x,3,.,.,.,.,.,R,ABS_Y,.,1,.,.,.,.,.,AND,.,.,.,.,LOG,.,.,.,A,.,.,.
AND_idx_ind,33,x,x,2,.,.,.,.,.,R,IIX,x,1,.,.,.,.,.,AND,.,.,.,.,LOG,.,.,.,A,.,.,.
AND_imm,41,x,x,2,.,.,.,.,.,R,.,.,1,.,.,.,.,.,AND,.,.,.,.,LOG,.,.,.,A,.,.,.
AND_ind_idx,49,x,x,2,.,.,.,.,.,R,IIY,.,1,.,.,.,.,.,AND,.,.,.,.,LOG,.,.,.,A,.,.,.
AND_zp,37,x,x,2,.,.,.,.,.,R,ZP,.,1,.,.,.,.,.,AND,.,.,.,.,LOG,.,.,.,A,.,.,.
AND_zp_X,53,x,x,2,.,.,.,.,.,R,ZP_X,.,1,.,.,.,.,.,AND,.,.,.,.,LOG,.,.,.,A,.,.,.
ASL_A,10,x,x,1,.,.,.,.,.,.,.,.,1,.,.,.,.,.,.,ASL,.,.,.,SHF,.,.,SHF,A,.,.,.
ASL_abs,14,x,.,3,.,.,.,.,.,RMW,ABS,.,1,RMW,.,.,.,.,.,ASL,SHF,.,.,.,.,.,SHF,RMW,.,.,.
ASL_abs_X,30,x,.,3,.,.,.,.,.,RMW,ABS_X,.,1,RMW,.,.,.,.,.,ASL,SHF,.,.,.,.,.,SHF,RMW,.,.,.
ASL_zp,6,x,x,2,.,.,.,.,.,W,ZP,.,1,RMW,.,.,.,.,.,ASL,SHF,.,.,.,.,.,SHF,RMW,.,.,.
ASL_zp_X,22,x,x,2,.,.,.,.,.,W,ZP_X,x,1,RMW,.,.,.,.,.,ASL,SHF,.,.,.,.,.,SHF,RMW,.,.,.
BCC_rel,144,x,x,2,BRX,x,C,0,.,.,.,.,1,.,.,.,.,.,.,.,.,.,.,.,.,.,.,.,.,.,.
BCS_rel,176,x,x,2,BRX,x,C,1,.,.,.,.,1,.,.,.,.,.,.,.,.,.,.,.,.,.,.,.,.,.,.
BEQ_rel,240,x,x,2,BRX,x,Z,1,.,.,.,.,1,.,.,.,.,.,.,.,.,.,.,.,.,.,.,.,.,.,.
BIT_abs,44,x,x,3,.,.,.,.,.,R,ABS,.,1,.,.,.,.,.,AND,.,.,.,.,.,.,.,.,BIT,.,.,BIT
BIT_zp,36,x,x,2,.,.,.,.,.,R,ZP,.,1,.,.,.,.,.,AND,.,.,.,.,.,.,.,.,BIT,.,.,BIT
BMI_rel,48,x,x,2,BRX,x,N,1,.,.,.,.,1,.,.,.,.,.,.,.,.,.,.,.,.,.,.,.,.,.,.
BNE_rel,208,x,x,2,BRX,x,Z,0,.,.,.,.,1,.,.,.,.,.,.,.,.,.,.,.,.,.,.,.,.,.,.
BPL_rel,16,x,x,2,BRX,x,N,0,.,.,.,.,1,.,.,.,.,.,.,.,.,.,.,.,.,.,.,.,.,.,.
BRK_imp,0,x,x,2,BRK,.,.,.,N3,W,PUSH3,.,3,BRK,.,.,.,.,.,.,.,.,.,.,.,.,.,.,BRK,.,.
BVC_rel,80,x,x,2,BRX,x,V,0,.,.,.,.,1,.,.,.,.,.,.,.,.,.,.,.,.,.,.,.,.,.,.
BVS_rel,112,x,x,2,BRX,x,V,1,.,.,.,.,1,.,.,.,.,.,.,.,.,.,.,.,.,.,.,.,.,.,.
CLC_imp,24,x,x,1,.,.,.,.,.,.,.,.,.,.,.,.,.,.,.,.,.,.,.,.,.,.,CLR,.,.,.,.
CLD_imp,216,x,x,1,.,.,.,.,.,.,.,.,.,.,.,.,.,.,.,.,.,.,.,.,.,.,.,.,.,CLR,.
CLI_imp,88,x,x,1,.,.,.,.,.,.,.,.,.,.,.,.,.,.,.,.,.,.,.,.,.,.,.,.,CLR,.,.
CLV_imp,184,x,x,1,.,.,.,.,.,.,.,.,.,.,.,.,.,.,.,.,.,.,.,.,.,.,.,.,.,.,CLR
CMP_abs,205,x,x,3,.,.,.,.,.,R,ABS,.,1,.,A,x,.,SUB,.,.,.,.,.,.,.,.,ADD,ADD,.,.,.
CMP_abs_X,221,x,x,3,.,.,.,.,.,R,ABS_X,.,1,.,A,x,.,SUB,.,.,.,.,.,.,.,.,ADD,ADD,.,.,.
CMP_abs_Y,217,x,x,3,.,.,.,.,.,R,ABS_Y,.,1,.,A,x,.,SUB,.,.,.,.,.,.,.,.,ADD,ADD,.,.,.
CMP_idx_ind,193,x,x,2,.,.,.,.,.,R,IIX,x,1,.,A,x,.,SUB,.,.,.,.,.,.,.,.,ADD,ADD,.,.,.
CMP_imm,201,x,x,2,.,.,.,.,.,.,.,.,1,.,A,x,.,SUB,.,.,.,.,.,.,.,.,ADD,ADD,.,.,.
CMP_ind_idx,209,x,x,2,.,.,.,.,.,R,IIY,.,1,.,A,x,.,SUB,.,.,.,.,.,.,.,.,ADD,ADD,.,.,.
CMP_zp,197,x,x,2,.,.,.,.,.,R,ZP,.,1,.,A,x,.,SUB,.,.,.,.,.,.,.,.,ADD,ADD,.,.,.
CMP_zp_X,213,x,x,2,.,.,.,.,.,R,ZP_X,.,1,.,A,x,.,SUB,.,.,.,.,.,.,.,.,ADD,ADD,.,.,.
CPX_abs,236,x,x,3,.,.,.,.,.,R,ABS,.,1,.,X,x,.,SUB,.,.,.,.,.,.,.,.,ADD,ADD,.,.,.
CPX_imm,224,x,x,2,.,.,.,.,.,R,.,.,1,.,X,x,.,SUB,.,.,.,.,.,.,.,.,ADD,ADD,.,.,.
CPX_zp,228,x,x,2,.,.,.,.,.,R,ZP,.,1,.,X,x,.,SUB,.,.,.,.,.,.,.,.,ADD,ADD,.,.,.
CPY_abs,204,x,x,3,.,.,.,.,.,R,ABS,.,1,.,Y,x,.,SUB,.,.,.,.,.,.,.,.,ADD,ADD,.,.,.
CPY_imm,192,x,x,2,.,.,.,.,.,.,.,.,1,.,Y,x,.,SUB,.,.,.,.,.,.,.,.,ADD,ADD,.,.,.
CPY_zp,196,x,x,2,.,.,.,.,.,R,ZP,.,1,.,Y,x,.,SUB,.,.,.,.,.,.,.,.,ADD,ADD,.,.,.
DEC_abs,206,x,.,3,.,.,.,.,.,RMW,ABS,.,1,RMW,.,.,DEC,.,.,.,ID,.,.,.,.,.,.,RMW,.,.,.
DEC_abs_X,222,x,.,3,.,.,.,.,.,RMW,ABS_X,.,1,RMW,.,.,DEC,.,.,.,ID,.,.,.,.,.,.,RMW,.,.,.
DEC_zp,198,x,x,2,.,.,.,.,.,W,ZP,.,1,RMW,.,.,DEC,.,.,.,ID,.,.,.,.,.,.,RMW,.,.,.
DEC_zp_X,214,x,x,2,.,.,.,.,.,W,ZP_X,x,1,RMW,.,.,DEC,.,.,.,ID,.,.,.,.,.,.,RMW,.,.,.
DEX_imp,202,x,x,1,.,.,.,.,.,.,.,.,1,.,.,.,DEC,.,.,.,.,.,.,.,DEX,.,.,X,.,.,.
DEY_imp,136,x,x,1,.,.,.,.,.,.,.,.,1,.,.,.,DEC,.,.,.,.,.,.,.,.,DEY,.,Y,.,.,.
EOR_abs,77,x,x,3,.,.,.,.,.,R,ABS,.,1,.,.,.,.,.,EOR,.,.,.,.,LOG,.,.,.,A,.,.,.
EOR_abs_X,93,x,x,3,.,.,.,.,.,R,ABS_X,.,1,.,.,.,.,.,EOR,.,.,.,.,LOG,.,.,.,A,.,.,.
EOR_abs_Y,89,x,x,3,.,.,.,.,.,R,ABS_Y,.,1,.,.,.,.,.,EOR,.,.,.,.,LOG,.,.,.,A,.,.,.
EOR_idx_ind,65,x,x,2,.,.,.,.,.,R,IIX,x,1,.,.,.,.,.,EOR,.,.,.,.,LOG,.,.,.,A,.,.,.
EOR_imm,73,x,x,2,.,.,.,.,.,.,.,.,1,.,.,.,.,.,EOR,.,.,.,.,LOG,.,.,.,A,.,.,.
EOR_ind_idx,81,x,x,2,.,.,.,.,.,R,IIY,.,1,.,.,.,.,.,EOR,.,.,.,.,LOG,.,.,.,A,.,.,.
EOR_zp,69,x,x,2,.,.,.,.,.,R,ZP,.,1,.,.,.,.,.,EOR,.,.,.,.,LOG,.,.,.,A,.,.,.
EOR_zp_X,85,x,x,2,.,.,.,.,.,R,ZP_X,.,1,.,.,.,.,.,EOR,.,.,.,.,LOG,.,.,.,A,.,.,.
INC_abs,238,x,.,3,.,.,.,.,.,RMW,ABS,.,1,RMW,.,.,INC,.,.,.,ID,.,.,.,.,.,.,RMW,.,.,.
INC_abs_X,254,x,.,3,.,.,.,.,.,RMW,ABS_X,.,1,RMW,.,.,INC,.,.,.,ID,.,.,.,.,.,.,RMW,.,.,.
INC_zp,230,x,x,2,.,.,.,.,.,W,ZP,.,1,RMW,.,.,INC,.,.,.,ID,.,.,.,.,.,.,RMW,.,.,.
INC_zp_X,246,x,x,2,.,.,.,.,.,W,ZP_X,x,1,RMW,.,.,INC,.,.,.,ID,.,.,.,.,.,.,RMW,.,.,.
INX_imp,232,x,x,1,.,.,.,.,.,.,.,.,1,.,.,.,INC,.,.,.,.,.,.,.,INX,.,.,X,.,.,.
INY_imp,200,x,x,1,.,.,.,.,.,.,.,.,1,.,.,.,INC,.,.,.,.,.,.,.,.,INY,.,Y,.,.,.
JMP_abs,76,x,x,3,JMP,.,.,.,.,.,.,.,.,.,.,.,.,.,.,.,.,.,.,.,.,.,.,.,.,.,.
JMP_ind,108,x,.,3,IND,.,.,.,.,R,ABS,.,2,.,.,.,.,.,.,.,.,.,.,.,.,.,.,.,.,.,.
JSR_abs,32,x,x,3,JMP,.,.,.,N2,W,PUSH2,.,2,JSR,.,.,.,.,.,.,.,.,.,.,.,.,.,.,.,.,.
LDA_abs,173,x,x,3,.,.,.,.,.,R,ABS,.,1,.,.,.,.,.,.,.,.,.,.,MEM,.,.,.,A,.,.,.
LDA_abs_X,189,x,x,3,.,.,.,.,.,R,ABS_X,.,1,.,.,.,.,.,.,.,.,.,.,MEM,.,.,.,A,.,.,.
LDA_abs_Y,185,x,x,3,.,.,.,.,.,R,ABS_Y,.,1,.,.,.,.,.,.,.,.,.,.,MEM,.,.,.,A,.,.,.
LDA_idx_ind,161,x,x,2,.,.,.,.,.,R,IIX,x,1,.,.,.,.,.,.,.,.,.,.,MEM,.,.,.,A,.,.,.
LDA_imm,169,x,x,2,.,.,.,.,.,.,.,.,1,.,.,.,.,.,.,.,.,.,.,IMM,.,.,.,A,.,.,.
LDA_ind_idx,177,x,x,2,.,.,.,.,.,R,IIY,.,1,.,.,.,.,.,.,.,.,.,.,MEM,.,.,.,A,.,.,.
LDA_zp,165,x,x,2,.,.,.,.,.,R,ZP,.,1,.,.,.,.,.,.,.,.,.,.,MEM,.,.,.,A,.,.,.
LDA_zp_X,181,x,x,2,.,.,.,.,.,R,ZP_X,.,1,.,.,.,.,.,.,.,.,.,.,MEM,.,.,.,A,.,.,.
LDX_abs,174,x,x,3,.,.,.,.,.,R,ABS,.,1,.,.,.,.,.,.,.,.,.,.,.,MEM,.,.,X,.,.,.
LDX_abs_Y,190,x,x,3,.,.,.,.,.,R,ABS_Y,.,1,.,.,.,.,.,.,.,.,.,.,.,MEM,.,.,X,.,.,.
LDX_imm,162,x,x,2,.,.,.,.,.,.,.,.,1,.,.,.,.,.,.,.,.,.,.,.,IMM,.,.,X,.,.,.
LDX_zp,166,x,x,2,.,.,.,.,.,R,ZP,.,1,.,.,.,.,.,.,.,.,.,.,.,MEM,.,.,X,.,.,.
LDX_zp_Y,182,x,x,2,.,.,.,.,.,R,ZP_Y,.,1,.,.,.,.,.,.,.,.,.,.,.,MEM,.,.,X,.,.,.
LDY_abs,172,x,x,3,.,.,.,.,.,R,ABS,.,1,.,.,.,.,.,.,.,.,.,.,.,.,MEM,.,Y,.,.,.
LDY_abs_X,188,x,x,3,.,.,.,.,.,R,ABS_X,.,1,.,.,.,.,.,.,.,.,.,.,.,.,MEM,.,Y,.,.,.
LDY_imm,160,x,x,2,.,.,.,.,.,.,.,.,1,.,.,.,.,.,.,.,.,.,.,.,.,IMM,.,Y,.,.,.
LDY_zp,164,x,x,2,.,.,.,.,.,R,ZP,.,1,.,.,.,.,.,.,.,.,.,.,.,.,MEM,.,Y,.,.,.
LDY_zp_X,180,x,x,2,.,.,.,.,.,R,ZP_X,.,1,.,.,.,.,.,.,.,.,.,.,.,.,MEM,.,Y,.,.,.
LSR_A,74,x,x,1,.,.,.,.,.,.,.,.,1,.,.,.,.,.,.,LSR,.,.,.,SHF,.,.,SHF,A,.,.,.
LSR_abs,78,x,.,3,.,.,.,.,.,RMW,ABS,.,1,RMW,.,.,.,.,.,LSR,SHF,.,.,.,.,.,SHF,RMW,.,.,.
LSR_abs_X,94,x,.,3,.,.,.,.,.,RMW,ABS_X,.,1,RMW,.,.,.,.,.,LSR,SHF,.,.,.,.,.,SHF,RMW,.,.,.
LSR_zp,70,x,x,2,.,.,.,.,.,W,ZP,.,1,RMW,.,.,.,.,.,LSR,SHF,.,.,.,.,.,SHF,RMW,.,.,.
LSR_zp_X,86,x,x,2,.,.,.,.,.,W,ZP_X,x,1,RMW,.,.,.,.,.,LSR,SHF,.,.,.,.,.,SHF,RMW,.,.,.
NOP_imp,234,x,x,1,.,.,.,.,.,.,.,.,.,.,.,.,.,.,.,.,.,.,.,.,.,.,.,.,.,.,.
ORA_abs,13,x,x,3,.,.,.,.,.,R,ABS,.,1,.,.,.,.,.,OR,.,.,.,.,LOG,.,.,.,A,.,.,.
ORA_abs_X,29,x,x,3,.,.,.,.,.,R,ABS_X,.,1,.,.,.,.,.,OR,.,.,.,.,LOG,.,.,.,A,.,.,.
ORA_abs_Y,25,x,x,3,.,.,.,.,.,R,ABS_Y,.,1,.,.,.,.,.,OR,.,.,.,.,LOG,.,.,.,A,.,.,.
ORA_idx_ind,1,x,x,2,.,.,.,.,.,R,IIX,x,1,.,.,.,.,.,OR,.,.,.,.,LOG,.,.,.,A,.,.,.
ORA_imm,9,x,x,2,.,.,.,.,.,.,.,.,1,.,.,.,.,.,OR,.,.,.,.,LOG,.,.,.,A,.,.,.
ORA_ind_idx,17,x,x,2,.,.,.,.,.,R,IIY,.,1,.,.,.,.,.,OR,.,.,.,.,LOG,.,.,.,A,.,.,.
ORA_zp,5,x,x,2,.,.,.,.,.,R,ZP,.,1,.,.,.,.,.,OR,.,.,.,.,LOG,.,.,.,A,.,.,.
ORA_zp_X,21,x,x,2,.,.,.,.,.,R,ZP_X,.,1,.,.,.,.,.,OR,.,.,.,.,LOG,.,.,.,A,.,.,.
PHA_imp,72,x,x,1,.,.,.,.,N1,W,PUSH1,.,1,A,.,.,.,.,.,.,.,.,.,.,.,.,.,.,.,.,.
PHP_imp,8,x,x,1,.,.,.,.,N1,W,PUSH1,.,1,P,.,.,.,.,.,.,.,.,.,.,.,.,.,.,.,.,.
PLA_imp,104,x,x,1,.,.,.,.,P1,R,PULL,.,1,.,.,.,.,.,.,.,.,.,.,MEM,.,.,.,A,.,.,.
PLP_imp,40,x,x,1,.,.,.,.,P1,R,PULL,.,1,.,.,.,.,.,.,.,.,.,x,.,.,.,.,.,.,.,.
ROL_A,42,x,x,1,.,.,.,.,.,.,.,.,1,.,.,.,.,.,.,ROL,.,.,.,SHF,.,.,SHF,A,.,.,.
ROL_abs,46,x,.,3,.,.,.,.,.,RMW,ABS,.,1,RMW,.,.,.,.,.,ROL,SHF,.,.,.,.,.,SHF,RMW,.,.,.
ROL_abs_X,62,x,.,3,.,.,.,.,.,RMW,ABS_X,.,1,RMW,.,.,.,.,.,ROL,SHF,.,.,.,.,.,SHF,RMW,.,.,.
ROL_zp,38,x,x,2,.,.,.,.,.,W,ZP,.,1,RMW,.,.,.,.,.,ROL,SHF,.,.,.,.,.,SHF,RMW,.,.,.
ROL_zp_X,54,x,x,2,.,.,.,.,.,W,ZP_X,x,1,RMW,.,.,.,.,.,ROL,SHF,.,.,.,.,.,SHF,RMW,.,.,.
ROR_A,106,x,x,1,.,.,.,.,.,.,.,.,1,.,.,.,.,.,.,ROR,.,.,.,SHF,.,.,SHF,A,.,.,.
ROR_abs,110,x,.,3,.,.,.,.,.,RMW,ABS,.,1,RMW,.,.,.,.,.,ROR,SHF,.,.,.,.,.,SHF,RMW,.,.,.
ROR_abs_X,126,x,.,3,.,.,.,.,.,RMW,ABS_X,.,1,RMW,.,.,.,.,.,ROR,SHF,.,.,.,.,.,SHF,RMW,.,.,.
ROR_zp,102,x,x,2,.,.,.,.,.,W,ZP,.,1,RMW,.,.,.,.,.,ROR,SHF,.,.,.,.,.,SHF,RMW,.,.,.
ROR_zp_X,118,x,x,2,.,.,.,.,.,W,ZP_X,x,1,RMW,.,.,.,.,.,ROR,SHF,.,.,.,.,.,SHF,RMW,.,.,.
RTI_imp,64,x,x,1,RTI,.,.,.,P3,R,PULL,.,3,.,.,.,.,.,.,.,.,.,x,.,.,.,.,.,.,.,.
RTS_imp,96,x,x,1,RTS,.,.,.,P2,R,PULL,.,2,.,.,.,.,.,.,.,.,.,.,.,.,.,.,.,.,.,.
SBC_abs,237,x,x,3,.,.,.,.,.,R,ABS,.,1,.,A,.,.,SUB,.,.,.,.,.,ADD,.,.,ADD,ADD,.,.,ADD
SBC_abs_X,253,x,x,3,.,.,.,.,.,R,ABS_X,.,1,.,A,.,.,SUB,.,.,.,.,.,ADD,.,.,ADD,ADD,.,.,ADD
SBC_abs_Y,249,x,x,3,.,.,.,.,.,R,ABS_Y,.,1,.,A,.,.,SUB,.,.,.,.,.,ADD,.,.,ADD,ADD,.,.,ADD
SBC_idx_ind,225,x,x,2,.,.,.,.,.,R,IIX,x,1,.,A,.,.,SUB,.,.,.,.,.,ADD,.,.,ADD,ADD,.,.,ADD
SBC_imm,233,x,x,2,.,.,.,.,.,.,.,.,1,.,A,.,.,SUB,.,.,.,.,.,ADD,.,.,ADD,ADD,.,.,ADD
SBC_ind_idx,241,x,x,2,.,.,.,.,.,R,IIY,.,1,.,A,.,.,SUB,.,.,.,.,.,ADD,.,.,ADD,ADD,.,.,ADD
SBC_zp,229,x,x,2,.,.,.,.,.,R,ZP,.,1,.,A,.,.,SUB,.,.,.,.,.,ADD,.,.,ADD,ADD,.,.,ADD
SBC_zp_X,245,x,x,2,.,.,.,.,.,R,ZP_X,.,1,.,A,.,.,SUB,.,.,.,.,.,ADD,.,.,ADD,ADD,.,.,ADD
SEC_imp,56,x,x,1,.,.,.,.,.,.,.,.,.,.,.,.,.,.,.,.,.,.,.,.,.,.,SET,.,.,.,.
SED_imp,248,x,x,1,.,.,.,.,.,.,.,.,.,.,.,.,.,.,.,.,.,.,.,.,.,.,.,.,.,SET,.
SEI_imp,120,x,x,1,.,.,.,.,.,.,.,.,.,.,.,.,.,.,.,.,.,.,.,.,.,.,.,.,SET,.,.
STA_abs,141,x,x,3,.,.,.,.,.,W,ABS,.,1,A,.,.,.,.,.,.,.,.,.,.,.,.,.,.,.,.,.
STA_abs_X,157,x,x,3,.,.,.,.,.,W,ABS_X,.,1,A,.,.,.,.,.,.,.,.,.,.,.,.,.,.,.,.,.
STA_abs_Y,153,x,x,3,.,.,.,.,.,W,ABS_Y,.,1,A,.,.,.,.,.,.,.,.,.,.,.,.,.,.,.,.,.
STA_idx_ind,129,x,x,2,.,.,.,.,.,W,IIX,x,1,A,.,.,.,.,.,.,.,.,.,.,.,.,.,.,.,.,.
STA_ind_idx,145,x,x,2,.,.,.,.,.,W,IIY,.,1,A,.,.,.,.,.,.,.,.,.,.,.,.,.,.,.,.,.
STA_zp,133,x,x,2,.,.,.,.,.,W,ZP,.,1,A,.,.,.,.,.,.,.,.,.,.,.,.,.,.,.,.,.
STA_zp_X,149,x,x,2,.,.,.,.,.,W,ZP_X,.,1,A,.,.,.,.,.,.,.,.,.,.,.,.,.,.,.,.,.
STX_abs,142,x,x,3,.,.,.,.,.,W,ABS,.,1,X,.,.,.,.,.,.,.,.,.,.,.,.,.,.,.,.,.
STX_zp,134,x,x,2,.,.,.,.,.,W,ZP,.,1,X,.,.,.,.,.,.,.,.,.,.,.,.,.,.,.,.,.
STX_zp_Y,150,x,x,2,.,.,.,.,.,W,ZP_Y,.,1,X,.,.,.,.,.,.,.,.,.,.,.,.,.,.,.,.,.
STY_abs,140,x,x,3,.,.,.,.,.,W,ABS,.,1,Y,.,.,.,.,.,.,.,.,.,.,.,.,.,.,.,.,.
STY_zp,132,x,x,2,.,.,.,.,.,W,ZP,.,1,Y,.,.,.,.,.,.,.,.,.,.,.,.,.,.,.,.,.
STY_zp_X,148,x,x,2,.,.,.,.,.,W,ZP_X,.,1,Y,.,.,.,.,.,.,.,.,.,.,.,.,.,.,.,.,.
TAX_imp,170,x,x,1,.,.,.,.,.,.,.,.,1,.,.,.,.,.,.,.,.,.,.,.,TAX,.,.,X,.,.,.
TAY_imp,168,x,x,1,.,.,.,.,.,.,.,.,1,.,.,.,.,.,.,.,.,.,.,.,.,TAY,.,Y,.,.,.
TSX_imp,186,x,x,1,.,.,.,.,.,.,.,.,1,.,.,.,.,.,.,.,.,.,.,.,TSX,.,.,X,.,.,.
TXA_imp,138,x,x,1,.,.,.,.,.,.,.,.,1,.,.,.,.,.,.,.,.,.,.,TXA,.,.,.,A,.,.,.
TXS_imp,154,x,x,1,.,.,.,.,.,.,.,.,1,.,.,.,.,.,.,.,.,x,.,.,.,.,.,.,.,.,.
TYA_imp,152,x,x,1,.,.,.,.,.,.,.,.,1,.,.,.,.,.,.,.,.,.,.,TYA,.,.,.,A,.,.,.
BAD_02,2,.,.,.,.,.,.,.,.,.,.,.,.,.,.,.,.,.,.,.,.,.,.,.,.,.,.,.,.,.,.
BAD_03,3,.,.,.,.,.,.,.,.,.,.,.,.,.,.,.,.,.,.,.,.,.,.,.,.,.,.,.,.,.,.
BAD_04,4,.,.,.,.,.,.,.,.,.,.,.,.,.,.,.,.,.,.,.,.,.,.,.,.,.,.,.,.,.,.
BAD_07,7,.,.,.,.,.,.,.,.,.,.,.,.,.,.,.,.,.,.,.,.,.,.,.,.,.,.,.,.,.,.
BAD_0B,11,.,.,.,.,.,.,.,.,.,.,.,.,.,.,.,.,.,.,.,.,.,.,.,.,.,.,.,.,.,.
BAD_0C,12,.,.,.,.,.,.,.,.,.,.,.,.,.,.,.,.,.,.,.,.,.,.,.,.,.,.,.,.,.,.
BAD_0F,15,.,.,.,.,.,.,.,.,.,.,.,.,.,.,.,.,.,.,.,.,.,.,.,.,.,.,.,.,.,.
BAD_12,18,.,.,.,.,.,.,.,.,.,.,.,.,.,.,.,.,.,.,.,.,.,.,.,.,.,.,.,.,.,.
BAD_13,19,.,.,.,.,.,.,.,.,.,.,.,.,.,.,.,.,.,.,.,.,.,.,.,.,.,.,.,.,.,.
BAD_14,20,.,.,.,.,.,.,.,.,.,.,.,.,.,.,.,.,.,.,.,.,.,.,.,.,.,.,.,.,.,.
BAD_17,23,.,.,.,.,.,.,.,.,.,.,.,.,.,.,.,.,.,.,.,.,.,.,.,.,.,.,.,.,.,.
BAD_1A,26,.,.,.,.,.,.,.,.,.,.,.,.,.,.,.,.,.,.,.,.,.,.,.,.,.,.,.,.,.,.
BAD_1B,27,.,.,.,.,.,.,.,.,.,.,.,.,.,.,.,.,.,.,.,.,.,.,.,.,.,.,.,.,.,.
BAD_1C,28,.,.,.,.,.,.,.,.,.,.,.,.,.,.,.,.,.,.,.,.,.,.,.,.,.,.,.,.,.,.
BAD_1F,31,.,.,.,.,.,.,.,.,.,.,.,.,.,.,.,.,.,.,.,.,.,.,.,.,.,.,.,.,.,.
BAD_22,34,.,.,.,.,.,.,.,.,.,.,.,.,.,.,.,.,.,.,.,.,.,.,.,.,.,.,.,.,.,.
BAD_23,35,.,.,.,.,.,.,.,.,.,.,.,.,.,.,.,.,.,.,.,.,.,.,.,.,.,.,.,.,.,.
BAD_27,39,.,.,.,.,.,.,.,.,.,.,.,.,.,.,.,.,.,.,.,.,.,.,.,.,.,.,.,.,.,.
BAD_2B,43,.,.,.,.,.,.,.,.,.,.,.,.,.,.,.,.,.,.,.,.,.,.,.,.,.,.,.,.,.,.
BAD_2F,47,.,.,.,.,.,.,.,.,.,.,.,.,.,.,.,.,.,.,.,.,.,.,.,.,.,.,.,.,.,.
BAD_32,50,.,.,.,.,.,.,.,.,.,.,.,.,.,.,.,.,.,.,.,.,.,.,.,.,.,.,.,.,.,.
BAD_33,51,.,.,.,.,.,.,.,.,.,.,.,.,.,.,.,.,.,.,.,.,.,.,.,.,.,.,.,.,.,.
BAD_34,52,.,.,.,.,.,.,.,.,.,.,.,.,.,.,.,.,.,.,.,.,.,.,.,.,.,.,.,.,.,.
BAD_37,55,.,.,.,.,.,.,.,.,.,.,.,.,.,.,.,.,.,.,.,.,.,.,.,.,.,.,.,.,.,.
BAD_3A,58,.,.,.,.,.,.,.,.,.,.,.,.,.,.,.,.,.,.,.,.,.,.,.,.,.,.,.,.,.,.
BAD_3B,59,.,.,.,.,.,.,.,.,.,.,.,.,.,.,.,.,.,.,.,.,.,.,.,.,.,.,.,.,.,.
BAD_3C,60,.,.,.,.,.,.,.,.,.,.,.,.,.,.,.,.,.,.,.,.,.,.,.,.,.,.,.,.,.,.
BAD_3F,63,.,.,.,.,.,.,.,.,.,.,.,.,.,.,.,.,.,.,.,.,.,.,.,.,.,.,.,.,.,.
BAD_42,66,.,.,.,.,.,.,.,.,.,.,.,.,.,.,.,.,.,.,.,.,.,.,.,.,.,.,.,.,.,.
BAD_43,67,.,.,.,.,.,.,.,.,.,.,.,.,.,.,.,.,.,.,.,.,.,.,.,.,.,.,.,.,.,.
BAD_44,68,.,.,.,.,.,.,.,.,.,.,.,.,.,.,.,.,.,.,.,.,.,.,.,.,.,.,.,.,.,.
BAD_47,71,.,.,.,.,.,.,.,.,.,.,.,.,.,.,.,.,.,.,.,.,.,.,.,.,.,.,.,.,.,.
BAD_4B,75,.,.,.,.,.,.,.,.,.,.,.,.,.,.,.,.,.,.,.,.,.,.,.,.,.,.,.,.,.,.
BAD_4F,79,.,.,.,.,.,.,.,.,.,.,.,.,.,.,.,.,.,.,.,.,.,.,.,.,.,.,.,.,.,.
BAD_52,82,.,.,.,.,.,.,.,.,.,.,.,.,.,.,.,.,.,.,.,.,.,.,.,.,.,.,.,.,.,.
BAD_53,83,.,.,.,.,.,.,.,.,.,.,.,.,.,.,.,.,.,.,.,.,.,.,.,.,.,.,.,.,.,.
BAD_54,84,.,.,.,.,.,.,.,.,.,.,.,.,.,.,.,.,.,.,.,.,.,.,.,.,.,.,.,.,.,.
BAD_57,87,.,.,.,.,.,.,.,.,.,.,.,.,.,.,.,.,.,.,.,.,.,.,.,.,.,.,.,.,.,.
BAD_5A,90,.,.,.,.,.,.,.,.,.,.,.,.,.,.,.,.,.,.,.,.,.,.,.,.,.,.,.,.,.,.
BAD_5B,91,.,.,.,.,.,.,.,.,.,.,.,.,.,.,.,.,.,.,.,.,.,.,.,.,.,.,.,.,.,.
BAD_5C,92,.,.,.,.,.,.,.,.,.,.,.,.,.,.,.,.,.,.,.,.,.,.,.,.,.,.,.,.,.,.
BAD_5F,95,.,.,.,.,.,.,.,.,.,.,.,.,.,.,.,.,.,.,.,.,.,.,.,.,.,.,.,.,.,.
BAD_62,98,.,.,.,.,.,.,.,.,.,.,.,.,.,.,.,.,.,.,.,.,.,.,.,.,.,.,.,.,.,.
BAD_63,99,.,.,.,.,.,.,.,.,.,.,.,.,.,.,.,.,.,.,.,.,.,.,.,.,.,.,.,.,.,.
BAD_64,100,.,.,.,.,.,.,.,.,.,.,.,.,.,.,.,.,.,.,.,.,.,.,.,.,.,.,.,.,.,.
BAD_67,103,.,.,.,.,.,.,.,.,.,.,.,.,.,.,.,.,.,.,.,.,.,.,.,.,.,.,.,.,.,.
BAD_6B,107,.,.,.,.,.,.,.,.,.,.,.,.,.,.,.,.,.,.,.,.,.,.,.,.,.,.,.,.,.,.
BAD_6F,111,.,.,.,.,.,.,.,.,.,.,.,.,.,.,.,.,.,.,.,.,.,.,.,.,.,.,.,.,.,.
BAD_72,114,.,.,.,.,.,.,.,.,.,.,.,.,.,.,.,.,.,.,.,.,.,.,.,.,.,.,.,.,.,.
BAD_73,115,.,.,.,.,.,.,.,.,.,.,.,.,.,.,.,.,.,.,.,.,.,.,.,.,.,.,.,.,.,.
BAD_74,116,.,.,.,.,.,.,.,.,.,.,.,.,.,.,.,.,.,.,.,.,.,.,.,.,.,.,.,.,.,.
BAD_77,119,.,.,.,.,.,.,.,.,.,.,.,.,.,.,.,.,.,.,.,.,.,.,.,.,.,.,.,.,.,.
BAD_7A,122,.,.,.,.,.,.,.,.,.,.,.,.,.,.,.,.,.,.,.,.,.,.,.,.,.,.,.,.,.,.
BAD_7B,123,.,.,.,.,.,.,.,.,.,.,.,.,.,.,.,.,.,.,.,.,.,.,.,.,.,.,.,.,.,.
BAD_7C,124,.,.,.,.,.,.,.,.,.,.,.,.,.,.,.,.,.,.,.,.,.,.,.,.,.,.,.,.,.,.
BAD_7F,127,.,.,.,.,.,.,.,.,.,.,.,.,.,.,.,.,.,.,.,.,.,.,.,.,.,.,.,.,.,.
BAD_80,128,.,.,.,.,.,.,.,.,.,.,.,.,.,.,.,.,.,.,.,.,.,.,.,.,.,.,.,.,.,.
BAD_82,130,.,.,.,.,.,.,.,.,.,.,.,.,.,.,.,.,.,.,.,.,.,.,.,.,.,.,.,.,.,.
BAD_83,131,.,.,.,.,.,.,.,.,.,.,.,.,.,.,.,.,.,.,.,.,.,.,.,.,.,.,.,.,.,.
BAD_87,135,.,.,.,.,.,.,.,.,.,.,.,.,.,.,.,.,.,.,.,.,.,.,.,.,.,.,.,.,.,.
BAD_89,137,.,.,.,.,.,.,.,.,.,.,.,.,.,.,.,.,.,.,.,.,.,.,.,.,.,.,.,.,.,.
BAD_8B,139,.,.,.,.,.,.,.,.,.,.,.,.,.,.,.,.,.,.,.,.,.,.,.,.,.,.,.,.,.,.
BAD_8F,143,.,.,.,.,.,.,.,.,.,.,.,.,.,.,.,.,.,.,.,.,.,.,.,.,.,.,.,.,.,.
BAD_92,146,.,.,.,.,.,.,.,.,.,.,.,.,.,.,.,.,.,.,.,.,.,.,.,.,.,.,.,.,.,.
BAD_93,147,.,.,.,.,.,.,.,.,.,.,.,.,.,.,.,.,.,.,.,.,.,.,.,.,.,.,.,.,.,.
BAD_97,151,.,.,.,.,.,.,.,.,.,.,.,.,.,.,.,.,.,.,.,.,.,.,.,.,.,.,.,.,.,.
BAD_9B,155,.,.,.,.,.,.,.,.,.,.,.,.,.,.,.,.,.,.,.,.,.,.,.,.,.,.,.,.,.,.
BAD_9C,156,.,.,.,.,.,.,.,.,.,.,.,.,.,.,.,.,.,.,.,.,.,.,.,.,.,.,.,.,.,.
BAD_9E,158,.,.,.,.,.,.,.,.,.,.,.,.,.,.,.,.,.,.,.,.,.,.,.,.,.,.,.,.,.,.
BAD_9F,159,.,.,.,.,.,.,.,.,.,.,.,.,.,.,.,.,.,.,.,.,.,.,.,.,.,.,.,.,.,.
BAD_A3,163,.,.,.,.,.,.,.,.,.,.,.,.,.,.,.,.,.,.,.,.,.,.,.,.,.,.,.,.,.,.
BAD_A7,167,.,.,.,.,.,.,.,.,.,.,.,.,.,.,.,.,.,.,.,.,.,.,.,.,.,.,.,.,.,.
BAD_AB,171,.,.,.,.,.,.,.,.,.,.,.,.,.,.,.,.,.,.,.,.,.,.,.,.,.,.,.,.,.,.
BAD_AF,175,.,.,.,.,.,.,.,.,.,.,.,.,.,.,.,.,.,.,.,.,.,.,.,.,.,.,.,.,.,.
BAD_B2,178,.,.,.,.,.,.,.,.,.,.,.,.,.,.,.,.,.,.,.,.,.,.,.,.,.,.,.,.,.,.
BAD_B3,179,.,.,.,.,.,.,.,.,.,.,.,.,.,.,.,.,.,.,.,.,.,.,.,.,.,.,.,.,.,.
BAD_B7,183,.,.,.,.,.,.,.,.,.,.,.,.,.,.,.,.,.,.,.,.,.,.,.,.,.,.,.,.,.,.
BAD_BB,187,.,.,.,.,.,.,.,.,.,.,.,.,.,.,.,.,.,.,.,.,.,.,.,.,.,.,.,.,.,.
BAD_BF,191,.,.,.,.,.,.,.,.,.,.,.,.,.,.,.,.,.,.,.,.,.,.,.,.,.,.,.,.,.,.
BAD_C2,194,.,.,.,.,.,.,.,.,.,.,.,.,.,.,.,.,.,.,.,.,.,.,.,.,.,.,.,.,.,.
BAD_C3,195,.,.,.,.,.,.,.,.,.,.,.,.,.,.,.,.,.,.,.,.,.,.,.,.,.,.,.,.,.,.
BAD_C7,199,.,.,.,.,.,.,.,.,.,.,.,.,.,.,.,.,.,.,.,.,.,.,.,.,.,.,.,.,.,.
BAD_CB,203,.,.,.,.,.,.,.,.,.,.,.,.,.,.,.,.,.,.,.,.,.,.,.,.,.,.,.,.,.,.
BAD_CF,207,.,.,.,.,.,.,.,.,.,.,.,.,.,.,.,.,.,.,.,.,.,.,.,.,.,.,.,.,.,.
BAD_D2,210,.,.,.,.,.,.,.,.,.,.,.,.,.,.,.,.,.,.,.,.,.,.,.,.,.,.,.,.,.,.
BAD_D3,211,.,.,.,.,.,.,.,.,.,.,.,.,.,.,.,.,.,.,.,.,.,.,.,.,.,.,.,.,.,.
BAD_D4,212,.,.,.,.,.,.,.,.,.,.,.,.,.,.,.,.,.,.,.,.,.,.,.,.,.,.,.,.,.,.
BAD_D7,215,.,.,.,.,.,.,.,.,.,.,.,.,.,.,.,.,.,.,.,.,.,.,.,.,.,.,.,.,.,.
BAD_DA,218,.,.,.,.,.,.,.,.,.,.,.,.,.,.,.,.,.,.,.,.,.,.,.,.,.,.,.,.,.,.
BAD_DB,219,.,.,.,.,.,.,.,.,.,.,.,.,.,.,.,.,.,.,.,.,.,.,.,.,.,.,.,.,.,.
BAD_DC,220,.,.,.,.,.,.,.,.,.,.,.,.,.,.,.,.,.,.,.,.,.,.,.,.,.,.,.,.,.,.
BAD_DF,223,.,.,.,.,.,.,.,.,.,.,.,.,.,.,.,.,.,.,.,.,.,.,.,.,.,.,.,.,.,.
BAD_E2,226,.,.,.,.,.,.,.,.,.,.,.,.,.,.,.,.,.,.,.,.,.,.,.,.,.,.,.,.,.,.
BAD_E3,227,.,.,.,.,.,.,.,.,.,.,.,.,.,.,.,.,.,.,.,.,.,.,.,.,.,.,.,.,.,.
BAD_E7,231,.,.,.,.,.,.,.,.,.,.,.,.,.,.,.,.,.,.,.,.,.,.,.,.,.,.,.,.,.,.
BAD_EB,235,.,.,.,.,.,.,.,.,.,.,.,.,.,.,.,.,.,.,.,.,.,.,.,.,.,.,.,.,.,.
BAD_EF,239,.,.,.,.,.,.,.,.,.,.,.,.,.,.,.,.,.,.,.,.,.,.,.,.,.,.,.,.,.,.
BAD_F2,242,.,.,.,.,.,.,.,.,.,.,.,.,.,.,.,.,.,.,.,.,.,.,.,.,.,.,.,.,.,.
BAD_F3,243,.,.,.,.,.,.,.,.,.,.,.,.,.,.,.,.,.,.,.,.,.,.,.,.,.,.,.,.,.,.
BAD_F4,244,.,.,.,.,.,.,.,.,.,.,.,.,.,.,.,.,.,.,.,.,.,.,.,.,.,.,.,.,.,.
BAD_F7,247,.,.,.,.,.,.,.,.,.,.,.,.,.,.,.,.,.,.,.,.,.,.,.,.,.,.,.,.,.,.
BAD_FA,250,.,.,.,.,.,.,.,.,.,.,.,.,.,.,.,.,.,.,.,.,.,.,.,.,.,.,.,.,.,.
BAD_FB,251,.,.,.,.,.,.,.,.,.,.,.,.,.,.,.,.,.,.,.,.,.,.,.,.,.,.,.,.,.,.
BAD_FC,252,.,.,.,.,.,.,.,.,.,.,.,.,.,.,.,.,.,.,.,.,.,.,.,.,.,.,.,.,.,.
BAD_FF,255,.,.,.,.,.,.,.,.,.,.,.,.,.,.,.,.,.,.,.,.,.,.,.,.,.,.,.,.,.,.
